{"":"x=\u003eserialize(item=x.EventData)","AccessList":"x=\u003ex.EventData.AccessList","AccessMask":"x=\u003ex.EventData.AccessMask","Accesses":"x=\u003ex.EventData.Accesses","AccountDomain":"x=\u003ex.EventData.AccountDomain","AccountName":"x=\u003ex.EventData.AccountName","Account_Name":"x=\u003ex.EventData.Account_Name","Action":"x=\u003ex.EventData.Action","Address":"x=\u003ex.EventData.Address","AllowedToDelegateTo":"x=\u003ex.EventData.AllowedToDelegateTo","AppName":"x=\u003ex.EventData.Data[0]","ApplicationPath":"x=\u003ex.EventData.ApplicationPath","AttributeLDAPDisplayName":"x=\u003ex.EventData.AttributeLDAPDisplayName","AttributeValue":"x=\u003ex.EventData.AttributeValue","AuditPolicyChanges":"x=\u003ex.EventData.AuditPolicyChanges","AuditSourceName":"x=\u003ex.EventData.AuditSourceName","AuthenticationPackageName":"x=\u003ex.EventData.AuthenticationPackageName","CallTrace":"x=\u003ex.EventData.CallTrace","CallerProcessName":"x=\u003ex.EventData.CallerProcessName","Caller_Process_Name":"x=\u003ex.EventData.Caller_Process_Name","CallingProcessName":"x=\u003ex.EventData.CallingProcessName","Caption":"x=\u003ex.EventData.Caption","CategoryName":"x=\u003ex.EventData.`Category Name`","CertThumbprint":"x=\u003ex.EventData.CertThumbprint","Channel":"x=\u003ex.System.Channel","ClassName":"x=\u003ex.EventData.ClassName","ClientAddress":"x=\u003ex.EventData.ClientAddress","ClientName":"x=\u003ex.EventData.ClientName","Client_Address":"x=\u003ex.EventData.Client_Address","CommandLine":"x=\u003ex.EventData.CommandLine || x.CommandLine","Company":"x=\u003ex.EventData.Company","Computer":"x=\u003ex.System.Computer","ComputerName":"x=\u003ex.System.Computer","Contents":"x=\u003ex.EventData.Contents","ContextInfo":"x=\u003ex.EventData.ContextInfo","CreationUtcTime":"x=\u003ex.EventData.CreationUtcTime","CurrentDirectory":"x=\u003ex.EventData.CurrentDirectory","Data":"x=\u003eserialize(item=x.EventData)","Description":"x=\u003ex.EventData.Description","DestAddress":"x=\u003ex.EventData.DestAddress","DestPort":"x=\u003ex.EventData.DestPort","Destination":"x=\u003ex.EventData.Destination","DestinationAddress":"x=\u003ex.EventData.DestinationAddress","DestinationHostname":"x=\u003ex.EventData.DestinationHostname","DestinationIp":"x=\u003ex.EventData.DestinationIp","DestinationIsIpv6":"x=\u003ex.EventData.DestinationIsIpv6","DestinationPort":"x=\u003ex.EventData.DestinationPort","Details":"x=\u003ex.EventData.Details","DetectionSource":"x=\u003ex.EventData.DetectionSource","DetectionUser":"x=\u003ex.EventData.`Detection User`","Device":"x=\u003ex.EventData.Device","DeviceClassName":"x=\u003ex.EventData.DeviceClassName","DeviceDescription":"x=\u003ex.EventData.DeviceDescription","DeviceInstanceID":"x=\u003ex.UserData.InstallDeviceID.DeviceInstanceID","DeviceName":"x=\u003ex.EventData.DeviceName","DomainName":"x=\u003ex.EventData.SubjectDomainName","DriverDescription":"x=\u003ex.UserData.InstallDeviceID.DriverDescription","DriverProvider":"x=\u003ex.UserData.InstallDeviceID.DriverProvider","DvrFmwk2003InstanceId":"x=\u003ex.UserData.UMDFHostDeviceArrivalBegin.InstanceId","DvrFmwkInstanceId":"x=\u003ex.UserData.UMDFHostDeviceRequest.InstanceId","EngineVersion":"x=\u003ex.EventData.EngineVersion","ErrorCode":"x=\u003ex.EventData.ErrorCode","EventData":"x=\u003ex.EventData","EventID":"x=\u003ex.System.EventID.Value","EventType":"x=\u003ex.EventData.EventType","ExecutionProcessID":"x=\u003ex.System.Execution.ProcessID","FailureCode":"x=\u003ex.EventData.FailureCode","Feature_Name":"x=\u003ex.EventData.`Feature Name`","FilePath":"x=\u003ex.EventData.FilePath","FileVersion":"x=\u003ex.EventData.FileVersion","Filename":"x=\u003ex.EventData.Filename","GrandParentCommandLine":"x=\u003ex.EventData.GrandParentCommandLine","GrandParentImage":"x=\u003ex.EventData.GrandParentImage","GrantedAccess":"x=\u003ex.EventData.GrantedAccess","GroupName":"x=\u003ex.EventData.GroupName","GroupSid":"x=\u003ex.EventData.GroupSid","Hash":"x=\u003ex.EventData.Hash","Hashes":"x=\u003ex.EventData.Hashes","HiveName":"x=\u003ex.EventData.HiveName","HostApplication":"x=\u003ex.EventData.HostApplication","HostName":"x=\u003ex.EventData.HostName","HostVersion":"x=\u003ex.EventData.HostVersion","Image":"x=\u003ex.EventData.Image","ImageLoaded":"x=\u003ex.EventData.ImageLoaded","ImagePath":"x=\u003ex.EventData.ImagePath","Imphash":"x=\u003ex.EventData.Hashes","Initiated":"x=\u003ex.EventData.Initiated","InstallStatus":"x=\u003ex.UserData.InstallDeviceID.InstallStatus","InstanceID":"x=\u003ex.UserData.UMDFHostDeviceArrivalBegin.InstanceId","IntegrityLevel":"x=\u003ex.EventData.IntegrityLevel","IpAddress":"x=\u003ex.EventData.IpAddress","IpPort":"x=\u003ex.EventData.IpPort","JobTitle":"x=\u003ex.EventData.name","KeyLength":"x=\u003ex.EventData.KeyLength","Keywords":"x=\u003ex.System.Keywords","LDAPDisplayName":"x=\u003ex.EventData.LDAPDisplayName","LayerRTID":"x=\u003ex.EventData.LayerRTID","Level":"x=\u003ex.System.Level","LocalIP":"x=\u003ex.EventData.LocalIP","LocalPort":"x=\u003ex.EventData.LocalPort","LogFileClearedChannel":"x=\u003ex.UserData.LogFileCleared.Channel","LogFileClearedSubjectUserName":"x=\u003ex.UserData.LogFileCleared.SubjectUserName","LogonID":"x=\u003ex.EventData.LogonID","LogonId":"x=\u003ex.EventData.LogonId","LogonProcessName":"x=\u003ex.EventData.LogonProcessName","LogonType":"x=\u003ex.EventData.LogonType","Logon_Account":"x=\u003ex.EventData.Logon_Account","Logon_Type":"x=\u003ex.EventData.LogonType","MD5":"x=\u003ex.EventData.MD5","MachineName":"x=\u003ex.EventData.MachineName","MandatoryLabel":"x=\u003eget(item=MandatoryLabelLookup, member=x.EventData.MandatoryLabel || \"-\")\n","MemberName":"x=\u003ex.EventData.MemberName","MemberSid":"x=\u003ex.EventData.MemberSid","Message":"x=\u003ex.EventData","ModifyingApplication":"x=\u003ex.EventData.ModifyingApplication","ModuleMD5":"x=\u003ex.EventData.ModuleMD5","ModuleName":"x=\u003ex.EventData.ModuleName","ModulePath":"x=\u003ex.EventData.ModulePath","ModuleSHA1":"x=\u003ex.EventData.ModuleSHA1","ModuleSHA256":"x=\u003ex.EventData.ModuleSHA256","NewName":"x=\u003ex.EventData.NewName","NewProcessId":"x=\u003ex.EventData.NewProcessId","NewProcessName":"x=\u003ex.EventData.NewProcessName","NewTemplateContent":"x=\u003e x.EventData.NewTemplateContent","NewUacValue":"x=\u003ex.EventData.NewUacValue","NewValue":"x=\u003ex.EventData.NewValue","New_Value":"x=\u003ex.EventData.`New Value`","ObjectClass":"x=\u003ex.EventData.ObjectClass","ObjectName":"x=\u003ex.EventData.ObjectName","ObjectServer":"x=\u003ex.EventData.ObjectServer","ObjectType":"x=\u003ex.EventData.ObjectType","ObjectValueName":"x=\u003ex.EventData.ObjectValueName","OldUacValue":"x=\u003ex.EventData.OldUacValue","OperationEssStartedNamespaceName":"x=\u003ex.UserData.Operation_EssStarted.NamespaceName","OperationEssStartedPossibleCause":"x=\u003ex.UserData.Operation_EssStarted.PossibleCause","OperationEssStartedProcessid":"x=\u003ex.UserData.Operation_EssStarted.Processid","OperationEssStartedProvider":"x=\u003ex.UserData.Operation_EssStarted.Provider","OperationEssStartedQuery":"x=\u003ex.UserData.Operation_EssStarted.Query","OperationEssStartedUser":"x=\u003ex.UserData.Operation_EssStarted.User","Origin":"x=\u003ex.EventData.Origin","OriginalFileName":"x=\u003ex.EventData.OriginalFileName","OriginalFilename":"x=\u003ex.EventData.OriginalFileName","PID":"x=\u003ex.EventData.ProcessId","PackageFullName":"x=\u003ex.UserData.PackageFullName","ParentCommandLine":"x=\u003ex.EventData.ParentCommandLine","ParentImage":"x=\u003ex.EventData.ParentImage","ParentMD5":"x=\u003ex.EventData.ParentMD5","ParentProcessId":"x=\u003ex.EventData.ParentProcessId","ParentProcessName":"x=\u003ex.EventData.ParentProcessName","ParentSHA1":"x=\u003ex.EventData.ParentSHA1","ParentSHA256":"x=\u003ex.EventData.ParentSHA256","ParentUser":"x=\u003ex.EventData.ParentUser","PasswordLastSet":"x=\u003ex.EventData.PasswordLastSet","Path":"x=\u003ex.EventData.Path","Payload":"x=\u003ex.EventData.Payload","PipeName":"x=\u003ex.EventData.PipeName","PossibleCause":"x=\u003ex.UserData.PossibleCause","PreAuthType":"x=\u003ex.EventData.PreAuthType","PreviousCreationUtcTime":"x=\u003ex.EventData.PreviousCreationUtcTime","PrivilegeList":"x=\u003ex.EventData.PrivilegeList","ProcessCommandLine":"x=\u003ex.EventData.ProcessCommandLine","ProcessGuid":"x=\u003ex.EventData.ProcessGuid","ProcessId":"x=\u003ex.EventData.ProcessId","ProcessName":"x=\u003ex.EventData.ProcessName","Product":"x=\u003ex.EventData.Product","Properties":"x=\u003ex.EventData.Properties","Protocol":"x=\u003ex.EventData.Protocol","Provider":"x=\u003ex.UserData.Provider","ProviderName":"x=\u003ex.System.Provider.Name","Provider_Name":"x=\u003ex.System.Provider.Name","QNAME":"x=\u003ex.EventData.QNAME","Query":"x=\u003ex.UserData.Query","QueryName":"x=\u003ex.EventData.QueryName","QueryResults":"x=\u003ex.EventData.QueryResults","QueryStatus":"x=\u003ex.EventData.QueryStatus","RelativeTargetName":"x=\u003ex.EventData.RelativeTargetName","RemoteIP":"x=\u003ex.EventData.RemoteIP","RemoteName":"x=\u003ex.EventData.RemoteName","RemotePort":"x=\u003ex.EventData.RemotePort","RuleName":"x=\u003ex.EventData.RuleName","SAMAccountName":"x=\u003ex.EventData.SamAccountName","SHA1":"x=\u003ex.EventData.SHA1","SHA256":"x=\u003ex.EventData.SHA256","SamAccountName":"x=\u003ex.EventData.SamAccountName","ScriptBlockText":"x=\u003ex.EventData.ScriptBlockText","SearchFilter":"x=\u003ex.System.SearchFilter","SecurityUserID":"x=\u003ex.System.Security.UserID","ServerName":"x=\u003ex.System.ServerName","Service":"x=\u003ex.EventData.Service","ServiceFileName":"x=\u003ex.EventData.ServiceFileName","ServiceName":"x=\u003ex.EventData.ServiceName","ServicePrincipalNames":"x=\u003ex.EventData.ServicePrincipalNames","ServiceStartType":"x=\u003ex.EventData.ServiceStartType","ServiceType":"x=\u003ex.EventData.ServiceType","SeverityID":"x=\u003ex.EventData.`Severity ID`","SeverityName":"x=\u003ex.EventData.`Severity Name`","ShareLocalPath":"x=\u003ex.EventData.ShareLocalPath","ShareName":"x=\u003ex.EventData.ShareName","SidHistory":"x=\u003ex.EventData.SidHistory","Signature":"x=\u003ex.EventData.Signature","SignatureStatus":"x=\u003ex.EventData.SignatureStatus","Signed":"x=\u003ex.EventData.Signed","Source":"x=\u003ex.System.Provider_Name","SourceAddress":"x=\u003ex.EventData.SourceAddress","SourceHostname":"x=\u003ex.EventData.SourceHostname","SourceImage":"x=\u003ex.EventData.SourceImage","SourceIp":"x=\u003ex.EventData.SourceIp","SourceIsIpv6":"x=\u003ex.EventData.SourceIsIpv6","SourceNetworkAddress":"x=\u003ex.EventData.SourceNetworkAddress","SourcePort":"x=\u003ex.EventData.SourcePort","Source_Name":"x=\u003ex.EventData.`Source Name`","Source_Network_Address":"x=\u003ex.EventData.Source_Network_Address","Source_WorkStation":"x=\u003ex.EventData.Source_WorkStation","StartAddress":"x=\u003ex.EventData.StartAddress","StartFunction":"x=\u003ex.EventData.StartFunction","StartModule":"x=\u003ex.EventData.StartModule","StartType":"x=\u003ex.EventData.StartType","State":"x=\u003ex.EventData.State","Status":"x=\u003ex.EventData.Status","SubStatus":"x=\u003ex.EventData.SubStatus","SubjectDomainName":"x=\u003ex.EventData.SubjectDomainName","SubjectLogonId":"x=\u003ex.EventData.SubjectLogonId","SubjectUserName":"x=\u003ex.EventData.SubjectUserName","SubjectUserSid":"x=\u003ex.EventData.SubjectUserSid","SysmonVersion":"x=\u003ex.EventData.SysmonVersion","TargetDomainName":"x=\u003ex.EventData.TargetDomainName","TargetFilename":"x=\u003ex.EventData.TargetFilename","TargetImage":"x=\u003ex.EventData.TargetImage","TargetInfo":"x=\u003ex.EventData.TargetInfo","TargetLogonId":"x=\u003ex.EventData.TargetLogonId","TargetObject":"x=\u003ex.EventData.TargetObject","TargetOutboundUserName":"x=\u003ex.EventData.TargetOutboundUserName","TargetProcessAddress":"x=\u003ex.EventData.TargetProcessAddress","TargetServerName":"x=\u003ex.EventData.TargetServerName","TargetSid":"x=\u003ex.EventData.TargetSid","TargetUserName":"x=\u003ex.EventData.TargetUserName","TaskDate":"x=\u003ex.EventData.TaskContent","TaskName":"x=\u003ex.EventData.TaskName","TemplateContent":"x=\u003ex.EventData.TemplateContent","ThreatName":"x=\u003ex.EventData.`Threat Name`","TicketEncryptionType":"x=\u003ex.EventData.TicketEncryptionType","TicketOptions":"x=\u003ex.EventData.TicketOptions","Timestamp":"x=\u003ex.Timestamp","TokenElevationType":"x=\u003eget(item=TokenElevationTypeLookup, member=x.EventData.TokenElevationType || \"-\")","Type":"x=\u003ex.EventData.Type","Url":"x=\u003ex.EventData.url","User":"x=\u003ex.EventData.User","UserDataAddress":"x=\u003ex.UserData.EventXML.Address","UserDataCode":"x=\u003ex.UserData.Operation_StartedOperational.Code","UserDataConsumer":"x=\u003ex.UserData.Operation_ESStoConsumerBinding.CONSUMER","UserDataESS":"x=\u003ex.UserData.Operation_ESStoConsumerBinding.ESS","UserDataHostProcess":"x=\u003ex.UserData.Operation_StartedOperational.HostProcess","UserDataNamespace":"x=\u003ex.UserData.Operation_ESStoConsumerBinding.Namespace","UserDataNamespaceName":"x=\u003ex.UserData.Operation_TemporaryEssStarted.NamespaceName","UserDataParam1":"x=\u003ex.UserData.EventXML.Param1","UserDataParam2":"x=\u003ex.UserData.EventXML.Param2","UserDataParam3":"x=\u003ex.UserData.EventXML.Param3","UserDataPossibleCause":"x=\u003ex.UserData.Operation_ESStoConsumerBinding.PossibleCause","UserDataProcessID":"x=\u003ex.UserData.Operation_StartedOperational.ProcessID","UserDataProcessid":"x=\u003ex.UserData.Operation_TemporaryEssStarted.Processid","UserDataProviderName":"x=\u003ex.UserData.Operation_StartedOperational.ProviderName","UserDataProviderPath":"x=\u003ex.UserData.Operation_StartedOperational.ProviderPath","UserDataQuery":"x=\u003ex.UserData.Operation_TemporaryEssStarted.Query","UserDataSessionID":"x=\u003ex.UserData.EventXML.SessionID","UserDataUser":"x=\u003ex.UserData.EventXML.User","UserName":"x=\u003ex.EventData.UserName","Value":"x=\u003ex.EventData.Value","Version":"x=\u003ex.System.Version","VhdType":"x=\u003ex.EventData.VhdType","WindowsDefenderProcessName":"x=\u003ex.EventData.`Process Name`","Workstation":"x=\u003ex.EventData.Workstation","WorkstationName":"x=\u003ex.EventData.WorkstationName","image":"x=\u003ex.EventData.Image","md5":"x=\u003eparse_string_with_regex(string=x.EventData.Hash || '', regex='MD5=([^,]+)').g1","param1":"x=\u003ex.EventData.param1","param2":"x=\u003ex.EventData.param2","param3":"x=\u003ex.EventData.param3","param4":"x=\u003ex.EventData.param4","param5":"x=\u003ex.EventData.param5","processPath":"x=\u003ex.EventData.processPath","query":"x=\u003ex.EventData.Query","service":"x=\u003ex.EventData.Service","sha1":"x=\u003ex.EventData.Hashes","sha256":"x=\u003eparse_string_with_regex(string=x.EventData.Hash || '', regex='SHA256=([^,]+)').g1"}